year,county,office,district,candidate,party,votes
2022,Adair,CITY COUNCIL City of Columbia,,Democratic Party,DEM,136
2022,Adair,CITY COUNCIL City of Columbia,,Republican Party,REP,920
2022,Adair,CONSTABLE 1st Magisterial District,,"William ""Bill"" TROUTWINE",REP,679
2022,Adair,CONSTABLE 2nd Magisterial District,,Brandon WILLIS,W,41
2022,Adair,CONSTABLE 2nd Magisterial District,,David R BARNETT,W,16
2022,Adair,CONSTABLE 3rd Magisterial District,,Ken HILL,REP,703
2022,Adair,CONSTABLE 4th Magisterial District,,Jeff DICKSON,REP,728
2022,Adair,CONSTABLE 5th Magisterial District,,Tim BOTTOMS,REP,729
2022,Adair,CONSTABLE 6th Magisterial District,,Jason RECTOR,REP,767
2022,Adair,CONSTABLE 7th Magisterial District,,Joe COLLINS JR.,REP,694
2022,Adair,CORONER,,Roger HUCKABY JR.,REP,4967
2022,Adair,COUNTY ATTORNEY,,Jennifer HUTCHISON-CORBIN,REP,5307
2022,Adair,COUNTY CLERK,,Lisa GREER,REP,5431
2022,Adair,COUNTY JUDGE/EXECUTIVE,,Larry Russell BRYANT,REP,4986
2022,Adair,COUNTY SURVEYOR,,Michael E. McKINNEY,REP,5053
2022,Adair,DISTRICT JUDGE 29th Judicial District,,Democratic Party,DEM,131
2022,Adair,DISTRICT JUDGE 29th Judicial District,,Republican Party,REP,713
2022,Adair,JAILER,,Jamie RICHARD,REP,4263
2022,Adair,JAILER,,Jeremy WETHINGTON,DEM,2031
2022,Adair,MAGISTRATE 1st Magisterial District,,Tony DENTON,REP,703
2022,Adair,MAGISTRATE 2nd Magisterial District,,Daryl FLATT,REP,579
2022,Adair,MAGISTRATE 3rd Magisterial District,,"Benjamin ""Ben"" LOY",DEM,332
2022,Adair,MAGISTRATE 3rd Magisterial District,,Sammy L. BAKER,REP,589
2022,Adair,MAGISTRATE 4th Magisterial District,,Chris REEDER,REP,763
2022,Adair,MAGISTRATE 5th Magisterial District,,Billy Dean COFFEY,REP,568
2022,Adair,MAGISTRATE 5th Magisterial District,,Jason GRIDER,DEM,436
2022,Adair,MAGISTRATE 6th Magisterial District,,"Ronald ""Mark"" HUMPHRESS",REP,805
2022,Adair,MAGISTRATE 7th Magisterial District,,Terry M. HADLEY,REP,729
2022,Adair,MEMBER BOARD of EDUCATION 1st Educational District,,Democratic Party,DEM,54
2022,Adair,MEMBER BOARD of EDUCATION 1st Educational District,,Republican Party,REP,398
2022,Adair,MEMBER BOARD of EDUCATION 3rd Educational District,,Democratic Party,DEM,38
2022,Adair,MEMBER BOARD of EDUCATION 3rd Educational District,,Republican Party,REP,281
2022,Adair,PROPERTY VALUATION ADMINISTRATOR,,Landon EDWARDS,DEM,3552
2022,Adair,SHERIFF,,Josh BROCKMAN,REP,5340
2022,Adair,STATE REPRESENTATIVE 21st Representative District,21,Amy NEIGHBORS,REP,5141
2022,Adair,STATE SENATOR 16th Senatorial District,16,"George Maxwell ""Max"" WISE",REP,5340
2022,Adair,UNITED STATES REPRESENTATIVE in CONGRESS 1st Congressional District,1,James R. COMER,REP,5422
2022,Adair,UNITED STATES REPRESENTATIVE in CONGRESS 1st Congressional District,1,Jimmy C. AUSBROOKS,DEM,851
2022,Adair,UNITED STATES SENATOR,,Billy Ray WILSON,W,0
2022,Adair,UNITED STATES SENATOR,,Charles BOOKER,DEM,1075
2022,Adair,UNITED STATES SENATOR,,Charles Lee THOMASON,W,0
2022,Adair,UNITED STATES SENATOR,,Rand PAUL,REP,5249
2022,Bath,CITY COMMISSIONERS City of Salt Lick,,Democratic Party,DEM,82
2022,Bath,CITY COMMISSIONERS City of Salt Lick,,Republican Party,REP,92
2022,Bath,CITY COMMISSIONERS City of Sharpsburg,,Charlene CLEMONS,W,26
2022,Bath,CITY COMMISSIONERS City of Sharpsburg,,Democratic Party,DEM,52
2022,Bath,CITY COMMISSIONERS City of Sharpsburg,,Republican Party,REP,72
2022,Bath,CITY COUNCIL City of Owingsville,,Democratic Party,DEM,181
2022,Bath,CITY COUNCIL City of Owingsville,,Republican Party,REP,249
2022,Bath,CONSTABLE 1st Magisterial District,,Malcolm EVERSOLE,DEM,636
2022,Bath,CONSTABLE 2nd Magisterial District,,David Jackson,DEM,874
2022,Bath,CONSTABLE 3rd Magisterial District,,Gordon SWARTZ,DEM,501
2022,Bath,CONSTABLE 3rd Magisterial District,,Patrick L. RIDDLE,REP,719
2022,Bath,CORONER,,Andrew Spence OWENS II.,DEM,2320
2022,Bath,CORONER,,Gary BOYD,W,1115
2022,Bath,COUNTY ATTORNEY,,Kim Hunt PRICE,DEM,3049
2022,Bath,COUNTY CLERK,,Roger S. COYLE,DEM,3340
2022,Bath,COUNTY COMMISSIONER 1st District,,J. R. FIELDS,DEM,1663
2022,Bath,COUNTY COMMISSIONER 1st District,,"James ""Jimmy"" WHITE",REP,2435
2022,Bath,COUNTY COMMISSIONER 2nd District,,Jimmy CRAIG,DEM,2195
2022,Bath,COUNTY COMMISSIONER 2nd District,,Phillip D. COPHER,REP,1949
2022,Bath,COUNTY COMMISSIONER 3rd District,,Jamie CLINE,DEM,2177
2022,Bath,COUNTY COMMISSIONER 3rd District,,John BRASHEAR,REP,1971
2022,Bath,COUNTY JUDGE/EXECUTIVE,,Bobby C. ROGERS,DEM,1846
2022,Bath,COUNTY JUDGE/EXECUTIVE,,"Forrest ""Frosty"" McKENZIE",REP,2477
2022,Bath,JAILER,,Earl WILLIS,DEM,2281
2022,Bath,JAILER,,Jimmy Earl ROBERTS,REP,1912
2022,Bath,MEMBER BOARD of EDUCATION 1st Educational District,,Democratic Party,DEM,29
2022,Bath,MEMBER BOARD of EDUCATION 1st Educational District,,Republican Party,REP,85
2022,Bath,PROPERTY VALUATION ADMINISTRATOR,,Howard David STONE,REP,1928
2022,Bath,PROPERTY VALUATION ADMINISTRATOR,,Jacky S. WATSON,DEM,2373
2022,Bath,SHERIFF,,Jessie STEWART,DEM,2586
2022,Bath,SHERIFF,,"John ""Tuffy"" SNEDEGAR",REP,1734
2022,Bath,SOIL and WATER CONSERVATION DISTRICT SUPERVISORS,,Democratic Party,DEM,83
2022,Bath,SOIL and WATER CONSERVATION DISTRICT SUPERVISORS,,Republican Party,REP,106
2022,Bath,STATE REPRESENTATIVE 74th Representative District,74,Bennie DESKINS,DEM,1325
2022,Bath,STATE REPRESENTATIVE 74th Representative District,74,David HALE,REP,2794
2022,Bath,STATE SENATOR 28th Senatorial District,28,Joshua D BUCKMAN,W,15
2022,Bath,STATE SENATOR 28th Senatorial District,28,Ralph ALVARADO,REP,2905
2022,Bath,UNITED STATES REPRESENTATIVE in CONGRESS 5th Congressional District,5,Conor HALBLEIB,DEM,764
2022,Bath,UNITED STATES REPRESENTATIVE in CONGRESS 5th Congressional District,5,"Harold ""Hal"" ROGERS",REP,2138
2022,Bath,UNITED STATES REPRESENTATIVE in CONGRESS 5th Congressional District,5,Stephan William MAZUR,W,0
2022,Bath,UNITED STATES REPRESENTATIVE in CONGRESS 6th Congressional District,6,Andy BARR,REP,987
2022,Bath,UNITED STATES REPRESENTATIVE in CONGRESS 6th Congressional District,6,"Geoffrey M. ""Geoff"" YOUNG",DEM,281
2022,Bath,UNITED STATES REPRESENTATIVE in CONGRESS 6th Congressional District,6,Maurice Randall CRAVENS II,W,1
2022,Bath,UNITED STATES REPRESENTATIVE in CONGRESS 6th Congressional District,6,Maxwell Keith FROEDGE,W,0
2022,Bath,UNITED STATES SENATOR,,Billy Ray WILSON,W,1
2022,Bath,UNITED STATES SENATOR,,Charles BOOKER,DEM,1404
2022,Bath,UNITED STATES SENATOR,,Charles Lee THOMASON,W,1
2022,Bath,UNITED STATES SENATOR,,Rand PAUL,REP,2827
2022,Boone,CITY COMMISSIONERS City of Union,,Democratic Party,DEM,641
2022,Boone,CITY COMMISSIONERS City of Union,,Libertarian Party,LIB,0
2022,Boone,CITY COMMISSIONERS City of Union,,Republican Party,REP,2037
2022,Boone,CITY COUNCIL City of Florence,,Democratic Party,DEM,1190
2022,Boone,CITY COUNCIL City of Florence,,Libertarian Party,LIB,9
2022,Boone,CITY COUNCIL City of Florence,,Republican Party,REP,2995
2022,Boone,CITY COUNCIL City of Walton,,Democratic Party,DEM,113
2022,Boone,CITY COUNCIL City of Walton,,Libertarian Party,LIB,0
2022,Boone,CITY COUNCIL City of Walton,,Republican Party,REP,309
2022,Boone,CONSTABLE 1st Magisterial District,,David C. FLAIG,REP,12217
2022,Boone,CONSTABLE 2nd Magisterial District,,Patrick R. BAILEY,REP,14513
2022,Boone,CONSTABLE 3rd Magisterial District,,David ECKLAR,REP,6592
2022,Boone,CORONER,,Missy RITTINGER,REP,34299
2022,Boone,COUNTY ATTORNEY,,Jordan Dallas TURNER,REP,34531
2022,Boone,COUNTY CLERK,,Justin CRIGLER,REP,35202
2022,Boone,COUNTY COMMISSIONER District 1,,Cathy Hudson FLAIG,REP,34013
2022,Boone,COUNTY COMMISSIONER District 2,,Chet HAND,REP,33807
2022,Boone,COUNTY COMMISSIONER District 3,,Jesse BREWER,REP,33833
2022,Boone,COUNTY JUDGE/EXECUTIVE,,Burnam Terry ROBERTS,W,633
2022,Boone,COUNTY JUDGE/EXECUTIVE,,Gary W. MOORE,REP,33567
2022,Boone,COUNTY SURVEYOR,,Gregory A. LARISON,REP,33827
2022,Boone,DISTRICT JUDGE 54th Judicial District 2nd Division,,Democratic Party,DEM,2192
2022,Boone,DISTRICT JUDGE 54th Judicial District 2nd Division,,Libertarian Party,LIB,78
2022,Boone,DISTRICT JUDGE 54th Judicial District 2nd Division,,Republican Party,REP,6491
2022,Boone,JAILER,,Jason MAYDAK,REP,34213
2022,Boone,JUSTICE of the PEACE 1st Magisterial District,,Alexis J. HANNAN III.,LIB,7585
2022,Boone,JUSTICE of the PEACE 2nd Magisterial District,,Christopher VAUGHT-HALL,REP,14513
2022,Boone,JUSTICE of the PEACE 3rd Magisterial District,,Julie CONLEY,REP,6666
2022,Boone,MEMBER BOARD of EDUCATION 1st Educational District (Unexpired Term),,Democratic Party,DEM,512
2022,Boone,MEMBER BOARD of EDUCATION 1st Educational District (Unexpired Term),,Libertarian Party,LIB,39
2022,Boone,MEMBER BOARD of EDUCATION 1st Educational District (Unexpired Term),,Republican Party,REP,1760
2022,Boone,MEMBER BOARD of EDUCATION 4th Educational District,,Democratic Party,DEM,661
2022,Boone,MEMBER BOARD of EDUCATION 4th Educational District,,Libertarian Party,LIB,0
2022,Boone,MEMBER BOARD of EDUCATION 4th Educational District,,Republican Party,REP,1590
2022,Boone,MEMBER BOARD of EDUCATION 5th Educational District,,Democratic Party,DEM,288
2022,Boone,MEMBER BOARD of EDUCATION 5th Educational District,,Libertarian Party,LIB,0
2022,Boone,MEMBER BOARD of EDUCATION 5th Educational District,,Republican Party,REP,574
2022,Boone,MEMBER BOARD of EDUCATION Walton-Verona Graded Independent School District,,Democratic Party,DEM,258
2022,Boone,MEMBER BOARD of EDUCATION Walton-Verona Graded Independent School District,,Libertarian Party,LIB,0
2022,Boone,MEMBER BOARD of EDUCATION Walton-Verona Graded Independent School District,,Republican Party,REP,732
2022,Boone,PROPERTY VALUATION ADMINISTRATOR,,Jonathan L. BROWN,REP,34731
2022,Boone,SHERIFF,,Michael A. HELMIG,REP,35317
2022,Boone,STATE REPRESENTATIVE 60th Representative District,60,Marianne PROCTOR,REP,12490
2022,Boone,STATE REPRESENTATIVE 61st Representative District,61,Debby Lucas ANGEL,DEM,939
2022,Boone,STATE REPRESENTATIVE 61st Representative District,61,Savannah MADDOX,REP,2965
2022,Boone,STATE REPRESENTATIVE 63rd Representative District,63,Kimberly A. BANTA,REP,1709
2022,Boone,STATE REPRESENTATIVE 66th Representative District,66,Steve RAWLINGS,REP,11235
2022,Boone,STATE REPRESENTATIVE 66th Representative District,66,Tim MONTGOMERY,DEM,4719
2022,Boone,STATE REPRESENTATIVE 69th Representative District,69,Chris BROWN,DEM,1411
2022,Boone,STATE REPRESENTATIVE 69th Representative District,69,Steven DOAN,REP,2376
2022,Boone,STATE REPRESENTATIVE 78th Representative District,78,Mark HART,REP,1933
2022,Boone,STATE SENATOR 20th Senatorial District,20,"Gex ""Jay"" WILLIAMS",REP,5294
2022,Boone,STATE SENATOR 20th Senatorial District,20,Teresa Azbill BARTON,DEM,1799
2022,Boone,UNITED STATES REPRESENTATIVE in CONGRESS 4th Congressional District,4,Ethan Keith OSBORNE,IND,1998
2022,Boone,UNITED STATES REPRESENTATIVE in CONGRESS 4th Congressional District,4,Matthew LEHMAN,DEM,13001
2022,Boone,UNITED STATES REPRESENTATIVE in CONGRESS 4th Congressional District,4,Thomas MASSIE,REP,30266
2022,Boone,UNITED STATES SENATOR,,Billy Ray WILSON,W,0
2022,Boone,UNITED STATES SENATOR,,Charles BOOKER,DEM,14409
2022,Boone,UNITED STATES SENATOR,,Charles Lee THOMASON,W,11
2022,Boone,UNITED STATES SENATOR,,Rand PAUL,REP,30898
2022,Boyd,CITY COMMISSIONERS City of Ashland,,Democratic Party,DEM,907
2022,Boyd,CITY COMMISSIONERS City of Ashland,,Republican Party,REP,1628
2022,Boyd,CITY COUNCIL City of Catlettsburg,,Charles Randal Salyers,W,27
2022,Boyd,CITY COUNCIL City of Catlettsburg,,Democratic Party,DEM,86
2022,Boyd,CITY COUNCIL City of Catlettsburg,,Donald L Rice Jr,W,5
2022,Boyd,CITY COUNCIL City of Catlettsburg,,Republican Party,REP,270
2022,Boyd,CONSTABLE 1st Magisterial District,,Brian K. RAMSDELL,REP,3468
2022,Boyd,CONSTABLE 2nd Magisterial District,,Jack GALLAHER,DEM,2672
2022,Boyd,CONSTABLE 3rd Magisterial District,,George DANIELS,DEM,1331
2022,Boyd,CONSTABLE 3rd Magisterial District,,Richard L. VANHOOSE,REP,2956
2022,Boyd,CORONER,,Mark HAMMOND,DEM,8726
2022,Boyd,COUNTY ATTORNEY,,Curtis E. DOTSON,REP,7861
2022,Boyd,COUNTY ATTORNEY,,"Patrick M. ""Pat"" HEDRICK",DEM,6168
2022,Boyd,COUNTY CLERK,,"David J. ""DJ"" RYMER II.",DEM,4903
2022,Boyd,COUNTY CLERK,,Kevin JOHNSTON,REP,9260
2022,Boyd,COUNTY COMMISSIONER 1st District,,Heather MOORE-FRAME,DEM,5213
2022,Boyd,COUNTY COMMISSIONER 1st District,,James David SALISBURY II.,REP,8575
2022,Boyd,COUNTY COMMISSIONER 2nd District,,Jeremy K. HOLBROOK,REP,8607
2022,Boyd,COUNTY COMMISSIONER 2nd District,,Larry D. BROWN,DEM,5213
2022,Boyd,COUNTY COMMISSIONER 3rd District,,Randy STAPLETON,REP,10198
2022,Boyd,COUNTY JUDGE/EXECUTIVE,,Eric CHANEY,REP,10777
2022,Boyd,COUNTY SURVEYOR,,Larry C. BARKER JR.,REP,10109
2022,Boyd,DISTRICT JUDGE 32nd Judicial District 2nd Division,,Democratic Party,DEM,394
2022,Boyd,DISTRICT JUDGE 32nd Judicial District 2nd Division,,Republican Party,REP,861
2022,Boyd,JAILER,,"William ""Bill"" HENSLEY",REP,10679
2022,Boyd,JUSTICE of the PEACE 1st Magisterial District,,Woodrow F Conley,W,5
2022,Boyd,JUSTICE of the PEACE 2nd Magisterial District,,Robin RUGGLES,DEM,2673
2022,Boyd,JUSTICE of the PEACE 3rd Magisterial District,,Suzanne Barker GRIFFITH,DEM,2394
2022,Boyd,MEMBER BOARD of EDUCATION 1st Educational District,,Democratic Party,DEM,175
2022,Boyd,MEMBER BOARD of EDUCATION 1st Educational District,,Republican Party,REP,448
2022,Boyd,MEMBER BOARD of EDUCATION 2nd Educational District,,Democratic Party,DEM,58
2022,Boyd,MEMBER BOARD of EDUCATION 2nd Educational District,,Republican Party,REP,138
2022,Boyd,MEMBER BOARD of EDUCATION Fairview Independent School District,,Democratic Party,DEM,113
2022,Boyd,MEMBER BOARD of EDUCATION Fairview Independent School District,,Republican Party,REP,223
2022,Boyd,MEMBER BOARD of EDUCATION Russell Independent School District,,Democratic Party,DEM,80
2022,Boyd,MEMBER BOARD of EDUCATION Russell Independent School District,,Republican Party,REP,135
2022,Boyd,PROPERTY VALUATION ADMINISTRATOR,,"Homer ""Jay"" WOODS JR.",REP,10297
2022,Boyd,SHERIFF,,Bobby Jack WOODS,DEM,5384
2022,Boyd,SHERIFF,,"James ""Jamie"" REIHS",REP,8820
2022,Boyd,STATE REPRESENTATIVE 100th Representative District,100,Deborah J Criss,W,5
2022,Boyd,STATE REPRESENTATIVE 100th Representative District,100,Scott L. SHARP,REP,6601
2022,Boyd,STATE REPRESENTATIVE 96th Representative District,96,Patrick FLANNERY,REP,1505
2022,Boyd,STATE REPRESENTATIVE 98th Representative District,98,Danny R. BENTLEY,REP,2244
2022,Boyd,STATE SENATOR 18th Senatorial District,18,Robin L. WEBB,DEM,8574
2022,Boyd,UNITED STATES REPRESENTATIVE in CONGRESS 5th Congressional District,5,Conor HALBLEIB,DEM,4330
2022,Boyd,UNITED STATES REPRESENTATIVE in CONGRESS 5th Congressional District,5,"Harold ""Hal"" ROGERS",REP,9612
2022,Boyd,UNITED STATES REPRESENTATIVE in CONGRESS 5th Congressional District,5,Stephan William Mazur,W,1
2022,Boyd,UNITED STATES SENATOR,,Billy Ray Wilson,W,0
2022,Boyd,UNITED STATES SENATOR,,Charles BOOKER,DEM,5098
2022,Boyd,UNITED STATES SENATOR,,Charles Lee Thomason,W,0
2022,Boyd,UNITED STATES SENATOR,,Rand PAUL,REP,9071
2022,Boyle,CITY COMMISSIONERS City of Danville,,Democratic Party,DEM,1097
2022,Boyle,CITY COMMISSIONERS City of Danville,,Republican Party,REP,1384
2022,Boyle,CITY COUNCIL City of Junction City,,Democratic Party,DEM,140
2022,Boyle,CITY COUNCIL City of Junction City,,Republican Party,REP,267
2022,Boyle,CITY COUNCIL City of Perryville,,Democratic Party,DEM,55
2022,Boyle,CITY COUNCIL City of Perryville,,Republican Party,REP,230
2022,Boyle,CONSTABLE 1st Magisterial District,,"Don ""Buck"" SAWYER",DEM,673
2022,Boyle,CONSTABLE 1st Magisterial District,,R. Andrew HOURIGAN,REP,1265
2022,Boyle,CONSTABLE 2nd Magisterial District,,Dennis E. CURTSINGER,DEM,934
2022,Boyle,CONSTABLE 3rd Magisterial District,,James Anthony MURPHY,DEM,915
2022,Boyle,CONSTABLE 4th Magisterial District,,H. Jack HENDRICKS,REP,1323
2022,Boyle,CONSTABLE 5th Magisterial District,,Randall L. RILEY,DEM,824
2022,Boyle,CONSTABLE 6th Magisterial District,,Timothy Wayne GOOCH,REP,1342
2022,Boyle,CORONER,,Eric GUERRANT,REP,6614
2022,Boyle,CORONER,,Malcolm MILLER,DEM,3473
2022,Boyle,COUNTY ATTORNEY,,Christopher K. HERRON,REP,7670
2022,Boyle,COUNTY CLERK,,Casey McCOY,REP,5986
2022,Boyle,COUNTY CLERK,,Sara HENRY,DEM,4264
2022,Boyle,COUNTY JUDGE/EXECUTIVE,,Howard HUNT,REP,5042
2022,Boyle,COUNTY JUDGE/EXECUTIVE,,Trille L. BOTTOM,DEM,5314
2022,Boyle,COUNTY SURVEYOR,,Richard Patrick MURPHY,W,19
2022,Boyle,JAILER,,Brian WOFFORD,REP,7688
2022,Boyle,MAGISTRATE 1st Magisterial District,,Terry HOGUE,DEM,707
2022,Boyle,MAGISTRATE 1st Magisterial District,,Tom V. ELLIS,REP,1269
2022,Boyle,MAGISTRATE 2nd Magisterial District,,Paula BODNER,REP,1200
2022,Boyle,MAGISTRATE 2nd Magisterial District,,Tina LYNN,DEM,458
2022,Boyle,MAGISTRATE 3rd Magisterial District,,Barry HARMON,REP,785
2022,Boyle,MAGISTRATE 3rd Magisterial District,,Phillip R. SAMMONS,DEM,642
2022,Boyle,MAGISTRATE 4th Magisterial District,,Jason M. CULLEN,REP,1106
2022,Boyle,MAGISTRATE 4th Magisterial District,,Jerry LEBER,DEM,770
2022,Boyle,MAGISTRATE 5th Magisterial District,,Jamey GAY,DEM,902
2022,Boyle,MAGISTRATE 6th Magisterial District,,John B. CAYWOOD,DEM,932
2022,Boyle,MAGISTRATE 6th Magisterial District,,Steve SLEEPER,REP,1056
2022,Boyle,MEMBER BOARD of EDUCATION 2nd Educational District,,Democratic Party,DEM,124
2022,Boyle,MEMBER BOARD of EDUCATION 2nd Educational District,,Republican Party,REP,347
2022,Boyle,MEMBER BOARD of EDUCATION 3rd Educational District,,Democratic Party,DEM,64
2022,Boyle,MEMBER BOARD of EDUCATION 3rd Educational District,,Republican Party,REP,254
2022,Boyle,PROPERTY VALUATION ADMINISTRATOR,,"Lacresha ""My"" GIBSON",DEM,6512
2022,Boyle,SHERIFF,,Charles M. PARKS,DEM,3861
2022,Boyle,SHERIFF,,Taylor BOTTOM,REP,6405
2022,Boyle,STATE REPRESENTATIVE 54th Representative District,54,Daniel B. ELLIOTT,REP,6649
2022,Boyle,STATE REPRESENTATIVE 54th Representative District,54,Elaine WILSON-REDDY,DEM,3598
2022,Boyle,STATE SENATOR 12th Senatorial District,12,Amanda Mays BLEDSOE,REP,6473
2022,Boyle,STATE SENATOR 12th Senatorial District,12,Bill O'BRIEN,DEM,3596
2022,Boyle,UNITED STATES REPRESENTATIVE in CONGRESS 1st Congressional District,1,James R. COMER,REP,6724
2022,Boyle,UNITED STATES REPRESENTATIVE in CONGRESS 1st Congressional District,1,Jimmy C. AUSBROOKS,DEM,3456
2022,Boyle,UNITED STATES SENATOR,,Billy Ray WILSON,W,0
2022,Boyle,UNITED STATES SENATOR,,Charles BOOKER,DEM,4021
2022,Boyle,UNITED STATES SENATOR,,Charles Lee THOMASON,W,1
2022,Boyle,UNITED STATES SENATOR,,Rand PAUL,REP,6304
2022,Bracken,CITY COMMISSIONERS City of Germantown,,John Early GORDLEY,W,0
2022,Bracken,CITY COMMISSIONERS City of Germantown,,Ruby HIGHFIELD,W,9
2022,Bracken,CITY COMMISSIONERS City of Germantown,,Sherman Maxwell Moran,W,1
2022,Bracken,CITY COUNCIL City of Augusta,,Democratic Party,DEM,58
2022,Bracken,CITY COUNCIL City of Augusta,,Republican Party,REP,169
2022,Bracken,CITY COUNCIL City of Brooksville,,Democratic Party,DEM,29
2022,Bracken,CITY COUNCIL City of Brooksville,,Republican Party,REP,71
2022,Bracken,CONSTABLE 1st Magisterial District,,"William E. ""Bill"" RUF",DEM,333
2022,Bracken,CONSTABLE 2nd Magisterial District,,Alexander Lansing HYRCZA,REP,262
2022,Bracken,CONSTABLE 3rd Magisterial District,,Joseph Kiskaden,W,5
2022,Bracken,CONSTABLE 4th Magisterial District,,Jonathan L. GALLOWAY,REP,374
2022,Bracken,CONSTABLE 5th Magisterial District,,Greg L. Cummins,W,9
2022,Bracken,CONSTABLE 6th Magisterial District,,Kenny CARL,DEM,283
2022,Bracken,CONSTABLE 7th Magisterial District,,Darrel PERSINGER,W,40
2022,Bracken,CONSTABLE 7th Magisterial District,,Mark EDGLEY,W,18
2022,Bracken,CORONER,,Christopher Ford CUMMINS,REP,2811
2022,Bracken,COUNTY ATTORNEY,,Beth MOORE,DEM,2415
2022,Bracken,COUNTY CLERK,,Jennifer FREE,REP,1758
2022,Bracken,COUNTY CLERK,,Rae Jean POE,DEM,1517
2022,Bracken,COUNTY JUDGE/EXECUTIVE,,James JOHNSON,REP,1198
2022,Bracken,COUNTY JUDGE/EXECUTIVE,,Tina K. TEEGARDEN,DEM,2034
2022,Bracken,DISTRICT JUDGE 19th Judicial District,,Democratic Party,DEM,19
2022,Bracken,DISTRICT JUDGE 19th Judicial District,,Republican Party,REP,76
2022,Bracken,JAILER,,Charlie CLOS,DEM,2509
2022,Bracken,MAGISTRATE 1st Magisterial District,,Carl ALLEN JR.,DEM,177
2022,Bracken,MAGISTRATE 1st Magisterial District,,Sandy RUF,REP,276
2022,Bracken,MAGISTRATE 2nd Magisterial District,,Craig MILLER,DEM,242
2022,Bracken,MAGISTRATE 2nd Magisterial District,,Martin B. HAUSE,REP,120
2022,Bracken,MAGISTRATE 3rd Magisterial District,,David B. KELSCH,DEM,266
2022,Bracken,MAGISTRATE 4th Magisterial District,,"Daniel ""Danny"" HOLLERAN",REP,251
2022,Bracken,MAGISTRATE 4th Magisterial District,,Steven W. CUMMINS,DEM,195
2022,Bracken,MAGISTRATE 5th Magisterial District,,Deborah MAYFIELD,REP,229
2022,Bracken,MAGISTRATE 5th Magisterial District,,John M. GOECKE,DEM,160
2022,Bracken,MAGISTRATE 6th Magisterial District,,Gary L. RIGGS,DEM,156
2022,Bracken,MAGISTRATE 6th Magisterial District,,John T. SCOTT,REP,240
2022,Bracken,MAGISTRATE 7th Magisterial District,,"Doug ""Smitty"" SMITH",DEM,192
2022,Bracken,MAGISTRATE 7th Magisterial District,,Heather Free BRUMLEY,REP,210
2022,Bracken,MAGISTRATE 8th Magisterial District,,Jeff COLLINS,DEM,122
2022,Bracken,MAGISTRATE 8th Magisterial District,,Kevin JARRELLS,REP,297
2022,Bracken,MAYOR City of Augusta,,Michael C. TAYLOR,W,57
2022,Bracken,MEMBER BOARD of EDUCATION 3rd Educational District,,Democratic Party,DEM,40
2022,Bracken,MEMBER BOARD of EDUCATION 3rd Educational District,,Republican Party,REP,85
2022,Bracken,MEMBER BOARD of EDUCATION 4th Educational District,,Democratic Party,DEM,75
2022,Bracken,MEMBER BOARD of EDUCATION 4th Educational District,,Republican Party,REP,129
2022,Bracken,PROPERTY VALUATION ADMINISTRATOR,,Tracey FLORER,DEM,2639
2022,Bracken,SHERIFF,,"Robert ""Bobby"" BOODY",REP,2708
2022,Bracken,STATE REPRESENTATIVE 70th Representative District,70,Meagan BRANNON,DEM,1020
2022,Bracken,STATE REPRESENTATIVE 70th Representative District,70,William Lee LAWRENCE,REP,2216
2022,Bracken,STATE SENATOR 24th Senatorial District,24,Rene HEINRICH,DEM,753
2022,Bracken,STATE SENATOR 24th Senatorial District,24,"Shelley ""Funke"" FROMMEYER",REP,2407
2022,Bracken,UNITED STATES REPRESENTATIVE in CONGRESS 4th Congressional District,4,Ethan Keith OSBORNE,IND,90
2022,Bracken,UNITED STATES REPRESENTATIVE in CONGRESS 4th Congressional District,4,Matthew LEHMAN,DEM,619
2022,Bracken,UNITED STATES REPRESENTATIVE in CONGRESS 4th Congressional District,4,Thomas MASSIE,REP,2517
2022,Bracken,UNITED STATES SENATOR,,Billy Ray WILSON,W,0
2022,Bracken,UNITED STATES SENATOR,,Charles BOOKER,DEM,756
2022,Bracken,UNITED STATES SENATOR,,Charles Lee THOMASON,W,0
2022,Bracken,UNITED STATES SENATOR,,Rand PAUL,REP,2478
2022,Bullitt,CITY COMMISSIONERS City of Hunters Hollow,,Democratic Party,DEM,144
2022,Bullitt,CITY COMMISSIONERS City of Hunters Hollow,,Republican Party,REP,520
2022,Bullitt,CITY COUNCIL City of Fox Chase,,Democratic Party,DEM,55
2022,Bullitt,CITY COUNCIL City of Fox Chase,,Republican Party,REP,161
2022,Bullitt,CITY COUNCIL City of Hillview,,Democratic Party,DEM,461
2022,Bullitt,CITY COUNCIL City of Hillview,,Republican Party,REP,1474
2022,Bullitt,CITY COUNCIL City of Lebanon Junction,,Democratic Party,DEM,113
2022,Bullitt,CITY COUNCIL City of Lebanon Junction,,Republican Party,REP,405
2022,Bullitt,CITY COUNCIL City of Mount Washington,,Democratic Party,DEM,795
2022,Bullitt,CITY COUNCIL City of Mount Washington,,Republican Party,REP,2851
2022,Bullitt,CITY COUNCIL City of Pioneer Village,,Democratic Party,DEM,198
2022,Bullitt,CITY COUNCIL City of Pioneer Village,,Republican Party,REP,691
2022,Bullitt,CITY COUNCIL City of Shepherdsville,,Democratic Party,DEM,724
2022,Bullitt,CITY COUNCIL City of Shepherdsville,,Republican Party,REP,2635
2022,Bullitt,CONSTABLE 1st Magisterial District,,Robert WATKINS,REP,4117
2022,Bullitt,CONSTABLE 2nd Magisterial District,,Eric W. SULLIVAN,REP,5012
2022,Bullitt,CONSTABLE 2nd Magisterial District,,Kent ROBY,DEM,2092
2022,Bullitt,CONSTABLE 3rd Magisterial District,,Larry E. WATKINS,REP,4664
2022,Bullitt,CONSTABLE 4th Magisterial District,,Frank ROUSE,DEM,1798
2022,Bullitt,CONSTABLE 4th Magisterial District,,Mark WILLIAMS,REP,3922
2022,Bullitt,CORONER,,David E. BILLINGS,REP,19320
2022,Bullitt,COUNTY ATTORNEY,,Tammy R. BAKER,REP,19179
2022,Bullitt,COUNTY CLERK,,Kevin MOONEY,REP,20190
2022,Bullitt,COUNTY JUDGE/EXECUTIVE,,"Jerral ""Jerry"" SUMMERS",REP,19198
2022,Bullitt,JAILER,,Bryan WHITTAKER,REP,19257
2022,Bullitt,MAGISTRATE 1st Magisterial District,,Herb HIBBS,DEM,1394
2022,Bullitt,MAGISTRATE 1st Magisterial District,,Vera J. SANDERS,REP,3846
2022,Bullitt,MAGISTRATE 2nd Magisterial District,,Shaun LOGSDON,REP,5717
2022,Bullitt,MAGISTRATE 3rd Magisterial District,,Karen JOHNSON,REP,4663
2022,Bullitt,MAGISTRATE 4th Magisterial District,,Brian BLEEMEL,REP,4609
2022,Bullitt,MEMBER BOARD of EDUCATION 3rd Educational District,,Democratic Party,DEM,75
2022,Bullitt,MEMBER BOARD of EDUCATION 3rd Educational District,,Republican Party,REP,210
2022,Bullitt,MEMBER BOARD of EDUCATION 4th Educational District,,Democratic Party,DEM,56
2022,Bullitt,MEMBER BOARD of EDUCATION 4th Educational District,,Republican Party,REP,279
2022,Bullitt,PROPERTY VALUATION ADMINISTRATOR,,"Clinton ""Clint"" MATTINGLY",REP,19332
2022,Bullitt,SHERIFF,,Brian GREENWELL,DEM,6305
2022,Bullitt,SHERIFF,,Walt SHOLAR,REP,18135
2022,Bullitt,SOIL and WATER CONSERVATION DISTRICT SUPERVISORS,,Democratic Party,DEM,155
2022,Bullitt,SOIL and WATER CONSERVATION DISTRICT SUPERVISORS,,Melissa F. HUGGETT,W,36
2022,Bullitt,SOIL and WATER CONSERVATION DISTRICT SUPERVISORS,,Republican Party,REP,533
2022,Bullitt,STATE REPRESENTATIVE 26th Representative District,26,Russell WEBBER,REP,8076
2022,Bullitt,STATE REPRESENTATIVE 37th Representative District,37,Emily CALLAWAY,REP,664
2022,Bullitt,STATE REPRESENTATIVE 37th Representative District,37,Jeffery Martin DONOHUE,DEM,287
2022,Bullitt,STATE REPRESENTATIVE 49th Representative District,49,Thomas HUFF,REP,10594
2022,Bullitt,STATE SENATOR 38th Senatorial District,38,Mike NEMES,REP,19472
2022,Bullitt,UNITED STATES REPRESENTATIVE in CONGRESS 2nd Congressional District,2,Hank LINDERMAN,DEM,6262
2022,Bullitt,UNITED STATES REPRESENTATIVE in CONGRESS 2nd Congressional District,2,S. Brett GUTHRIE,REP,18335
2022,Bullitt,UNITED STATES SENATOR,,Billy Ray WILSON,W,0
2022,Bullitt,UNITED STATES SENATOR,,Charles BOOKER,DEM,6895
2022,Bullitt,UNITED STATES SENATOR,,Charles Lee THOMASON,W,2
2022,Bullitt,UNITED STATES SENATOR,,Rand PAUL,REP,17945
2022,Calloway,CITY COUNCIL City of Hazel,,Democratic Party,DEM,37
2022,Calloway,CITY COUNCIL City of Hazel,,Republican Party,REP,76
2022,Calloway,CITY COUNCIL City of Murray,,Democratic Party,DEM,484
2022,Calloway,CITY COUNCIL City of Murray,,Republican Party,REP,1284
2022,Calloway,CONSTABLE 1st Magisterial District,,"Jedediah ""Levi"" LAMB",REP,1506
2022,Calloway,CONSTABLE 1st Magisterial District,,Randy W. LEE,DEM,925
2022,Calloway,CONSTABLE 2nd Magisterial District,,Joseph SWARTHOUT,REP,1271
2022,Calloway,CONSTABLE 2nd Magisterial District,,Michael R. HOLT,DEM,968
2022,Calloway,CONSTABLE 3rd Magisterial District,,Tim STONE,DEM,2604
2022,Calloway,CONSTABLE 4th Magisterial District,,Brandon ELDRIDGE,DEM,1606
2022,Calloway,CORONER,,Ricky GARLAND,DEM,8391
2022,Calloway,COUNTY ATTORNEY,,K. Bryan ERNSTBERGER,REP,8581
2022,Calloway,COUNTY ATTORNEY,,Madison LEACH,DEM,3156
2022,Calloway,COUNTY CLERK,,Antonia Dunn FAULKNER,DEM,7563
2022,Calloway,COUNTY CLERK,,"James M. ""Mike"" TINSLEY",REP,4170
2022,Calloway,COUNTY JUDGE/EXECUTIVE,,Kenny IMES,REP,8889
2022,Calloway,COUNTY SURVEYOR,,Christopher Bradley JONES,REP,8793
2022,Calloway,DISTRICT JUDGE 42nd Judicial District,,Democratic Party,DEM,369
2022,Calloway,DISTRICT JUDGE 42nd Judicial District,,Republican Party,REP,567
2022,Calloway,JAILER,,Kenneth L. CLAUD,DEM,5944
2022,Calloway,JAILER,,William Zachary LAMB,REP,5544
2022,Calloway,MAGISTRATE 1st Magisterial District,,Phillip Lynn ROGERS,DEM,901
2022,Calloway,MAGISTRATE 1st Magisterial District,,Ricky STEWART,REP,1625
2022,Calloway,MAGISTRATE 2nd Magisterial District,,Larry CRUTCHER,REP,1472
2022,Calloway,MAGISTRATE 2nd Magisterial District,,Mark A. MALLORY,DEM,902
2022,Calloway,MAGISTRATE 3rd Magisterial District,,Don CHERRY,REP,3029
2022,Calloway,MAGISTRATE 4th Magisterial District,,Paul W. RISTER,REP,2085
2022,Calloway,MEMBER BOARD of EDUCATION 1st Educational District,,Democratic Party,DEM,136
2022,Calloway,MEMBER BOARD of EDUCATION 1st Educational District,,Republican Party,REP,152
2022,Calloway,MEMBER BOARD of EDUCATION 3rd Educational District,,Democratic Party,DEM,151
2022,Calloway,MEMBER BOARD of EDUCATION 3rd Educational District,,Republican Party,REP,313
2022,Calloway,MEMBER BOARD of EDUCATION Murray Independent School District,,Democratic Party,DEM,133
2022,Calloway,MEMBER BOARD of EDUCATION Murray Independent School District,,Republican Party,REP,201
2022,Calloway,PROPERTY VALUATION ADMINISTRATOR,,Nikki McMILLEN-CROUCH,DEM,8003
2022,Calloway,SHERIFF,,Danny WILLIAMS,DEM,3715
2022,Calloway,SHERIFF,,Nicky J. KNIGHT,REP,8083
2022,Calloway,STATE REPRESENTATIVE 5th Representative District,5,Mary Beth IMES,REP,8913
2022,Calloway,UNITED STATES REPRESENTATIVE in CONGRESS 1st Congressional District,1,James R. COMER,REP,8288
2022,Calloway,UNITED STATES REPRESENTATIVE in CONGRESS 1st Congressional District,1,Jimmy C. AUSBROOKS,DEM,3483
2022,Calloway,UNITED STATES SENATOR,,Billy Ray WILSON,W,0
2022,Calloway,UNITED STATES SENATOR,,Charles BOOKER,DEM,3934
2022,Calloway,UNITED STATES SENATOR,,Charles Lee THOMASON,W,1
2022,Calloway,UNITED STATES SENATOR,,Rand PAUL,REP,7906
2022,Campbell,CITY COMMISSIONERS City of California,,Democratic Party,DEM,74
2022,Campbell,CITY COMMISSIONERS City of California,,Republican Party,REP,228
2022,Campbell,CITY COMMISSIONERS City of Crestview,,Democratic Party,DEM,128
2022,Campbell,CITY COMMISSIONERS City of Crestview,,Republican Party,REP,217
2022,Campbell,CITY COMMISSIONERS City of Melbourne,,Democratic Party,DEM,111
2022,Campbell,CITY COMMISSIONERS City of Melbourne,,Republican Party,REP,374
2022,Campbell,CITY COMMISSIONERS City of Mentor,,Democratic Party,DEM,178
2022,Campbell,CITY COMMISSIONERS City of Mentor,,John Eric BROCK,W,25
2022,Campbell,CITY COMMISSIONERS City of Mentor,,Keith FUTSCHER,W,27
2022,Campbell,CITY COMMISSIONERS City of Mentor,,Lawrence STRASINGER,W,31
2022,Campbell,CITY COMMISSIONERS City of Mentor,,Margaret GOSNEY,W,30
2022,Campbell,CITY COMMISSIONERS City of Mentor,,Republican Party,REP,88
2022,Campbell,CITY COMMISSIONERS City of Newport,,Democratic Party,DEM,771
2022,Campbell,CITY COMMISSIONERS City of Newport,,Republican Party,REP,726
2022,Campbell,CITY COMMISSIONERS City of Woodlawn,,Democratic Party,DEM,151
2022,Campbell,CITY COMMISSIONERS City of Woodlawn,,Republican Party,REP,199
2022,Campbell,CITY COUNCIL City of Alexandria,,Democratic Party,DEM,672
2022,Campbell,CITY COUNCIL City of Alexandria,,Dirk GLAHN,W,72
2022,Campbell,CITY COUNCIL City of Alexandria,,Fred MACKE III,W,188
2022,Campbell,CITY COUNCIL City of Alexandria,,Republican Party,REP,1790
2022,Campbell,CITY COUNCIL City of Alexandria,,Robert STRONG,W,220
2022,Campbell,CITY COUNCIL City of Bellevue,,Democratic Party,DEM,371
2022,Campbell,CITY COUNCIL City of Bellevue,,Republican Party,REP,473
2022,Campbell,CITY COUNCIL City of Cold Spring,,Democratic Party,DEM,324
2022,Campbell,CITY COUNCIL City of Cold Spring,,Republican Party,REP,671
2022,Campbell,CITY COUNCIL City of Dayton,,Democratic Party,DEM,288
2022,Campbell,CITY COUNCIL City of Dayton,,Republican Party,REP,408
2022,Campbell,CITY COUNCIL City of Ft. Thomas,,Democratic Party,DEM,1178
2022,Campbell,CITY COUNCIL City of Ft. Thomas,,Republican Party,REP,1996
2022,Campbell,CITY COUNCIL City of Highland Heights,,Democratic Party,DEM,427
2022,Campbell,CITY COUNCIL City of Highland Heights,,Republican Party,REP,611
2022,Campbell,CITY COUNCIL City of Silver Grove,,Democratic Party,DEM,285
2022,Campbell,CITY COUNCIL City of Silver Grove,,Republican Party,REP,620
2022,Campbell,CITY COUNCIL City of Southgate,,Democratic Party,DEM,274
2022,Campbell,CITY COUNCIL City of Southgate,,Republican Party,REP,663
2022,Campbell,CITY COUNCIL City of Wilder,,Democratic Party,DEM,32
2022,Campbell,CITY COUNCIL City of Wilder,,Jeffrey A MOLES,W,123
2022,Campbell,CITY COUNCIL City of Wilder,,Republican Party,REP,56
2022,Campbell,CONSTABLE 1st Magisterial District,,Ken WARDEN,REP,9353
2022,Campbell,CONSTABLE 2nd Magisterial District,,John P. ROTH JR.,REP,9183
2022,Campbell,CONSTABLE 3rd Magisterial District,,Jim PELUSO,DEM,5592
2022,Campbell,CORONER,,Mark SCHWEITZER,REP,24811
2022,Campbell,COUNTY ATTORNEY,,Steven J. FRANZEN,REP,24957
2022,Campbell,COUNTY CLERK,,Jim LUERSEN,REP,25316
2022,Campbell,COUNTY COMMISSIONER 1st District,,Brian D. PAINTER,REP,20420
2022,Campbell,COUNTY COMMISSIONER 1st District,,Melissa WHALEN,DEM,14262
2022,Campbell,COUNTY COMMISSIONER 2nd District,,Geoff BESECKER,REP,24110
2022,Campbell,COUNTY COMMISSIONER 3rd District,,Patti Michelle PIATT,DEM,13202
2022,Campbell,COUNTY COMMISSIONER 3rd District,,Tom LAMPE,REP,21199
2022,Campbell,COUNTY JUDGE/EXECUTIVE,,Steve PENDERY,REP,24942
2022,Campbell,COUNTY SURVEYOR,,Ryan M. HARTIG,REP,24032
2022,Campbell,JAILER,,James A. DALEY,REP,24687
2022,Campbell,JUSTICE of the PEACE 1st Magisterial District,,Frank MEYER,REP,9406
2022,Campbell,JUSTICE of the PEACE 2nd Magisterial District,,James J. W. GLAHN,REP,8211
2022,Campbell,JUSTICE of the PEACE 2nd Magisterial District,,Suzanne SPARKS,DEM,3715
2022,Campbell,JUSTICE of the PEACE 3rd Magisterial District,,Michael DUTLE,DEM,5563
2022,Campbell,MAYOR City of Mentor,,Peggy Schoulties FURY,W,46
2022,Campbell,PROPERTY VALUATION ADMINISTRATOR,,Daniel K. BRAUN,REP,25012
2022,Campbell,SHERIFF,,Mike JANSEN,REP,25239
2022,Campbell,SOIL and WATER DISTRICT SUPERVISORS,,Democratic Party,DEM,255
2022,Campbell,SOIL and WATER DISTRICT SUPERVISORS,,Republican Party,REP,455
2022,Campbell,STATE REPRESENTATIVE 67th Representative District,67,Jerry C. GEARDING,REP,5996
2022,Campbell,STATE REPRESENTATIVE 67th Representative District,67,Rachel ROBERTS,DEM,7673
2022,Campbell,STATE REPRESENTATIVE 68th Representative District,68,Kelly JONES,DEM,6909
2022,Campbell,STATE REPRESENTATIVE 68th Representative District,68,Mike CLINES,REP,11964
2022,Campbell,STATE REPRESENTATIVE 78th Representative District,78,Mark HART,REP,2246
2022,Campbell,STATE SENATOR 24th Senatorial District,24,Rene HEINRICH,DEM,14537
2022,Campbell,STATE SENATOR 24th Senatorial District,24,"Shelley ""Funke"" FROMMEYER",REP,20796
2022,Campbell,UNITED STATES REPRESENTATIVE in CONGRESS 4th Congressional District,4,Ethan Keith OSBORNE,IND,1413
2022,Campbell,UNITED STATES REPRESENTATIVE in CONGRESS 4th Congressional District,4,Matthew LEHMAN,DEM,13797
2022,Campbell,UNITED STATES REPRESENTATIVE in CONGRESS 4th Congressional District,4,Thomas MASSIE,REP,20362
2022,Campbell,UNITED STATES SENATOR,,Billy Ray WILSON,W,1
2022,Campbell,UNITED STATES SENATOR,,Charles BOOKER,DEM,14812
2022,Campbell,UNITED STATES SENATOR,,Charles Lee THOMASON,W,2
2022,Campbell,UNITED STATES SENATOR,,Rand PAUL,REP,20849
2022,Christian,CITY COMMISSIONERS City of Lafayette,,Democratic Party,DEM,12
2022,Christian,CITY COMMISSIONERS City of Lafayette,,Republican Party,REP,49
2022,Christian,CITY COMMISSIONERS City of Pembroke,,Democratic Party,DEM,8
2022,Christian,CITY COMMISSIONERS City of Pembroke,,Republican Party,REP,43
2022,Christian,CITY COUNCIL City of Crofton,,Democratic Party,DEM,73
2022,Christian,CITY COUNCIL City of Crofton,,Republican Party,REP,126
2022,Christian,CITY COUNCIL City of Hopkinsville Ward 1,,Natasha Sophia FRANCIS,REP,4244
2022,Christian,CITY COUNCIL City of Hopkinsville Ward 1,,Vance D. SMITH,DEM,3529
2022,Christian,CITY COUNCIL City of Hopkinsville Ward 10,,Steve KEEL,REP,5640
2022,Christian,CITY COUNCIL City of Hopkinsville Ward 11,,Jason BELL,REP,5202
2022,Christian,CITY COUNCIL City of Hopkinsville Ward 11,,Jose QUINONEZ,DEM,2625
2022,Christian,CITY COUNCIL City of Hopkinsville Ward 12,,Matthew HANDY,REP,4157
2022,Christian,CITY COUNCIL City of Hopkinsville Ward 12,,Phillip BROOKS,DEM,3695
2022,Christian,CITY COUNCIL City of Hopkinsville Ward 2,,Bruce SMILEY,REP,5687
2022,Christian,CITY COUNCIL City of Hopkinsville Ward 3,,Donald MARSH,REP,4246
2022,Christian,CITY COUNCIL City of Hopkinsville Ward 3,,Karen BASS,DEM,3634
2022,Christian,CITY COUNCIL City of Hopkinsville Ward 4,,Chuck CRABTREE,REP,5619
2022,Christian,CITY COUNCIL City of Hopkinsville Ward 5,,Amy CRAIG,REP,5633
2022,Christian,CITY COUNCIL City of Hopkinsville Ward 6,,"Nichelle' ""Niecy"" HILLIS",DEM,3191
2022,Christian,CITY COUNCIL City of Hopkinsville Ward 6,,Travis W. MARTIN,REP,4823
2022,Christian,CITY COUNCIL City of Hopkinsville Ward 7,,Doug WILCOX,REP,4650
2022,Christian,CITY COUNCIL City of Hopkinsville Ward 7,,William L. COLEMAN,DEM,3221
2022,Christian,CITY COUNCIL City of Hopkinsville Ward 8,,Robert Terry MEEK,REP,4512
2022,Christian,CITY COUNCIL City of Hopkinsville Ward 8,,Twyla DILLARD,DEM,3338
2022,Christian,CITY COUNCIL City of Hopkinsville Ward 9,,Jamie Lynn LIENBERGER,REP,4371
2022,Christian,CITY COUNCIL City of Hopkinsville Ward 9,,Patricia A. WADDELL-BELL,DEM,3508
2022,Christian,CITY COUNCIL City of Oak Grove,,Democratic Party,DEM,78
2022,Christian,CITY COUNCIL City of Oak Grove,,Republican Party,REP,137
2022,Christian,CONSTABLE 1st Magisterial District,,Eddie R. CANNON,DEM,841
2022,Christian,CONSTABLE 2nd Magisterial District,,"Patricia ""Pat"" GRESHAM",DEM,1081
2022,Christian,CONSTABLE 3rd Magisterial District,,Joshua GYDESEN,REP,1485
2022,Christian,CONSTABLE 3rd Magisterial District,,Thomas GILLILAND III.,DEM,864
2022,Christian,CONSTABLE 4th Magisterial District,,Larry BAILEY,REP,2139
2022,Christian,CONSTABLE 5th Magisterial District,,Glenn RICKARD,REP,1014
2022,Christian,CONSTABLE 5th Magisterial District,,"James ""Jim"" SMITH",DEM,793
2022,Christian,CONSTABLE 6th Magisterial District,,"James ""Gene"" GLASS",DEM,425
2022,Christian,CONSTABLE 6th Magisterial District,,Sherry BYERLINE,REP,700
2022,Christian,CONSTABLE 7th Magisterial District,,Richard F. LEAVELL III.,DEM,1374
2022,Christian,CONSTABLE 8th Magisterial District,,Joshua Logan NEWTON,DEM,520
2022,Christian,CONSTABLE 8th Magisterial District,,"Mike O. ""Bubba"" HADDOCK",REP,1583
2022,Christian,CORONER,,Scott DANIEL,REP,12115
2022,Christian,COUNTY ATTORNEY,,Lincoln Williams FOSTER,IND,9637
2022,Christian,COUNTY CLERK,,Melinda A. HUMPHRIES,REP,7933
2022,Christian,COUNTY CLERK,,Walter G. CUMMINGS,DEM,7414
2022,Christian,COUNTY JUDGE/EXECUTIVE,,Jerry W. GILLIAM,REP,8186
2022,Christian,COUNTY JUDGE/EXECUTIVE,,Steve TRIBBLE,DEM,7269
2022,Christian,COUNTY SURVEYOR,,"Wm. ""Bill"" CHAUDOIN JR.",REP,11617
2022,Christian,DISTRICT JUDGE 3rd Judicial District 2nd Divison,,Democratic Party,DEM,1137
2022,Christian,DISTRICT JUDGE 3rd Judicial District 2nd Divison,,Republican Party,REP,1759
2022,Christian,JAILER,,Adam SMITH,REP,11962
2022,Christian,MAGISTRATE 1st Magisterial District,,Magaline FERGUSON,DEM,868
2022,Christian,MAGISTRATE 2nd Magisterial District,,Josh TURNER,REP,924
2022,Christian,MAGISTRATE 2nd Magisterial District,,Mark WELLS,DEM,789
2022,Christian,MAGISTRATE 3rd Magisterial District,,George BARNETT,REP,1386
2022,Christian,MAGISTRATE 3rd Magisterial District,,Mark E. CANSLER,DEM,1088
2022,Christian,MAGISTRATE 4th Magisterial District,,J. E. PRYOR,REP,2210
2022,Christian,MAGISTRATE 5th Magisterial District,,A. J. ROGERS,REP,834
2022,Christian,MAGISTRATE 5th Magisterial District,,Rich G. LIEBE,DEM,1043
2022,Christian,MAGISTRATE 6th Magisterial District,,Phillip PETERSON,REP,903
2022,Christian,MAGISTRATE 7th Magisterial District,,David FERNANDEZ,DEM,670
2022,Christian,MAGISTRATE 7th Magisterial District,,Russ GUFFEY,REP,1454
2022,Christian,MAGISTRATE 8th Magisterial District,,John M. BRUCE,REP,1477
2022,Christian,MAGISTRATE 8th Magisterial District,,Terry BOWMAN,DEM,660
2022,Christian,MAYOR City of Hopkinsville,,Alethea M. WEST,DEM,3233
2022,Christian,MAYOR City of Hopkinsville,,James R. KNIGHT JR.,REP,5018
2022,Christian,MEMBER BOARD of EDUCATION 3rd Educational District,,Democratic Party,DEM,563
2022,Christian,MEMBER BOARD of EDUCATION 3rd Educational District,,Republican Party,REP,666
2022,Christian,MEMBER BOARD of EDUCATION 5th Educational District,,Democratic Party,DEM,500
2022,Christian,MEMBER BOARD of EDUCATION 5th Educational District,,Republican Party,REP,920
2022,Christian,PROPERTY VALUATION ADMINISTRATOR,,Angie M. STRADER,DEM,10096
2022,Christian,SHERIFF,,Tyler DeARMOND,REP,12378
2022,Christian,STATE REPRESENTATIVE 16th Representative District,16,Jason PETRIE,REP,1122
2022,Christian,STATE REPRESENTATIVE 8th Representative District,8,Pam DOSSETT,DEM,2521
2022,Christian,STATE REPRESENTATIVE 8th Representative District,8,Walker Wood THOMAS,REP,4191
2022,Christian,STATE REPRESENTATIVE 9th Representative District,9,Bianca L. CROCKAM,DEM,2349
2022,Christian,STATE REPRESENTATIVE 9th Representative District,9,Myron B. DOSSETT,REP,5123
2022,Christian,UNITED STATES REPRESENTATIVE in CONGRESS 1st Congressional District,1,James R. COMER,REP,10638
2022,Christian,UNITED STATES REPRESENTATIVE in CONGRESS 1st Congressional District,1,Jimmy C. AUSBROOKS,DEM,4688
2022,Christian,UNITED STATES SENATOR,,Charles BOOKER,DEM,5210
2022,Christian,UNITED STATES SENATOR,,Rand PAUL,REP,10255
2022,Clark,CONSTABLE 1st Magisterial District,,Doug WOODALL,REP,1827
2022,Clark,CONSTABLE 2nd Magisterial District,,Travis McINTOSH,REP,1792
2022,Clark,CONSTABLE 3rd Magisterial District,,Geoff SEBESTA,DEM,613
2022,Clark,CONSTABLE 3rd Magisterial District,,"Shelby ""Lynn"" TOLER II.",REP,1855
2022,Clark,CONSTABLE 4th Magisterial District,,David Wayne PUCKETT,REP,938
2022,Clark,CONSTABLE 4th Magisterial District,,Phillip WRIGHT,DEM,565
2022,Clark,CONSTABLE 5th Magisterial District,,Jerry EDWARDS JR.,REP,1158
2022,Clark,CORONER,,Neal OLIVER,REP,9241
2022,Clark,COUNTY ATTORNEY,,William ELKINS,REP,8923
2022,Clark,COUNTY CLERK,,Linda JAKO,REP,4743
2022,Clark,COUNTY CLERK,,Michelle TURNER,DEM,8088
2022,Clark,COUNTY JUDGE/EXECUTIVE,,Justin CHARLES,DEM,5097
2022,Clark,COUNTY JUDGE/EXECUTIVE,,Les YATES,REP,7564
2022,Clark,JAILER,,"Frank ""Squatty"" DOYLE",DEM,7179
2022,Clark,JAILER,,Paul E. WYATT,REP,5533
2022,Clark,MAGISTRATE 1st Magisterial District,,Daniel KONSTANTOPOULOS,REP,1942
2022,Clark,MAGISTRATE 2nd Magisterial District,,Ernest PASLEY,REP,1820
2022,Clark,MAGISTRATE 3rd Magisterial District,,Lee WATTS,DEM,702
2022,Clark,MAGISTRATE 3rd Magisterial District,,Steve CRAYCRAFT,REP,1833
2022,Clark,MAGISTRATE 4th Magisterial District,,Mark D. MILLER,REP,1101
2022,Clark,MAGISTRATE 5th Magisterial District,,Christopher M. DAVIS,REP,936
2022,Clark,MAGISTRATE 5th Magisterial District,,Leonard SHORTRIDGE,DEM,761
2022,Clark,MAGISTRATE 6th Magisterial District,,Jeremy WILSON,REP,620
2022,Clark,MAGISTRATE 6th Magisterial District,,Robert G. BLANTON,DEM,941
2022,Clark,PROPERTY VALUATION ADMINISTRATOR,,Jada BRADY,REP,6341
2022,Clark,PROPERTY VALUATION ADMINISTRATOR,,"Jason ""Apple"" NEELY",DEM,6331
2022,Clark,SHERIFF,,Berl PERDUE JR.,REP,10042
2022,Clark,STATE REPRESENTATIVE 73rd Representative District,73,D. Ryan DOTSON,REP,7221
2022,Clark,STATE REPRESENTATIVE 73rd Representative District,73,Thomas Weston ADAMS III.,DEM,5338
2022,Clark,STATE SENATOR 28th Senatorial District,28,Joshua D. BUCKMAN,W,191
2022,Clark,STATE SENATOR 28th Senatorial District,28,Ralph ALVARADO,REP,9045
2022,Clark,UNITED STATES REPRESENTATIVE in CONGRESS 6th Congressional District,6,Andy BARR,REP,9075
2022,Clark,UNITED STATES REPRESENTATIVE in CONGRESS 6th Congressional District,6,"Geoffrey M. ""Geoff"" YOUNG",DEM,3381
2022,Clark,UNITED STATES REPRESENTATIVE in CONGRESS 6th Congressional District,6,Maurice Randall CRAVENS III.,W,184
2022,Clark,UNITED STATES REPRESENTATIVE in CONGRESS 6th Congressional District,6,Maxwell Keith FROEDGE,W,2
2022,Clark,UNITED STATES SENATOR,,Billy Ray WILSON,W,0
2022,Clark,UNITED STATES SENATOR,,Charles BOOKER,DEM,4533
2022,Clark,UNITED STATES SENATOR,,Charles Lee THOMASON,W,2
2022,Clark,UNITED STATES SENATOR,,Rand PAUL,REP,8270
2022,Crittenden,CITY COUNCIL City of Marion,,Democratic Party,DEM,53
2022,Crittenden,CITY COUNCIL City of Marion,,Republican Party,REP,290
2022,Crittenden,CONSTABLE 1st Magisterial District,,Barry R. BROWN,REP,374
2022,Crittenden,CONSTABLE 2nd Magisterial District,,Jimmy Vernon DALTON,REP,516
2022,Crittenden,CONSTABLE 3rd Magisterial District,,Paul BEARD,REP,353
2022,Crittenden,CONSTABLE 4th Magisterial District,,Lynn GOODRICH,REP,265
2022,Crittenden,CONSTABLE 5th Magisterial District,,Gregory J. Rushing,W,17
2022,Crittenden,CONSTABLE 6th Magisterial District,,Beverly Don HERRIN,REP,401
2022,Crittenden,CORONER,,Bradley R. GILBERT,REP,2698
2022,Crittenden,COUNTY ATTORNEY,,Bart FRAZER,REP,2514
2022,Crittenden,COUNTY CLERK,,Daryl K. TABOR,REP,2632
2022,Crittenden,COUNTY JUDGE/EXECUTIVE,,Perry A. NEWCOM,REP,2707
2022,Crittenden,JAILER,,Athena PERRY-HAYES,REP,2634
2022,Crittenden,MAGISTRATE 1st Magisterial District,,Dave Allen BELT,REP,416
2022,Crittenden,MAGISTRATE 2nd Magisterial District,,Matt GRIMES,REP,544
2022,Crittenden,MAGISTRATE 3rd Magisterial District,,Robert KIRBY,REP,387
2022,Crittenden,MAGISTRATE 4th Magisterial District,,Chadwick Wayne THOMAS,DEM,207
2022,Crittenden,MAGISTRATE 5th Magisterial District,,Travis PERRYMAN,REP,529
2022,Crittenden,MAGISTRATE 6th Magisterial District,,Jason MARTIN,DEM,151
2022,Crittenden,MAGISTRATE 6th Magisterial District,,Scott L. BELT,REP,357
2022,Crittenden,MAYOR City of Marion,,D'anna Browning,W,348
2022,Crittenden,MEMBER BOARD of EDUCATION 2nd Educational District,,Democratic Party,DEM,39
2022,Crittenden,MEMBER BOARD of EDUCATION 2nd Educational District,,Republican Party,REP,159
2022,Crittenden,PROPERTY VALUATION ADMINISTRATOR,,Todd PERRYMAN,REP,2723
2022,Crittenden,SHERIFF,,"Donald E. ""Don"" YOUNG",DEM,859
2022,Crittenden,SHERIFF,,Evan Franklin HEAD,REP,2189
2022,Crittenden,SOIL and WATER CONSERVATION DISTRICT SUPERVISORS,,Democratic Party,DEM,74
2022,Crittenden,SOIL and WATER CONSERVATION DISTRICT SUPERVISORS,,Republican Party,REP,475
2022,Crittenden,STATE REPRESENTATIVE 12th Representative District,12,Alan C. LOSSNER,DEM,509
2022,Crittenden,STATE REPRESENTATIVE 12th Representative District,12,Jim GOOCH JR.,REP,2523
2022,Crittenden,UNITED STATES REPRESENTATIVE in CONGRESS 1st Congressional District,1,James R. COMER,REP,2608
2022,Crittenden,UNITED STATES REPRESENTATIVE in CONGRESS 1st Congressional District,1,Jimmy C. AUSBROOKS,DEM,460
2022,Crittenden,UNITED STATES SENATOR,,Charles BOOKER,DEM,534
2022,Crittenden,UNITED STATES SENATOR,,Rand PAUL,REP,2540
2022,Daviess,CITY COMMISSIONERS City of Owensboro,,Democratic Party,DEM,3338
2022,Daviess,CITY COMMISSIONERS City of Owensboro,,Republican Party,REP,5500
2022,Daviess,CITY COMMISSIONERS City of Whitesville,,Democratic Party,DEM,119
2022,Daviess,CITY COMMISSIONERS City of Whitesville,,Republican Party,REP,338
2022,Daviess,CONSTABLE Central Magisterial District,,Steve NAVE,REP,6080
2022,Daviess,CONSTABLE Central Magisterial District,,"Willis ""Murry"" MORRIS",DEM,3442
2022,Daviess,CONSTABLE East Magisterial District,,Dan BENNETT,REP,8976
2022,Daviess,CONSTABLE West Magisterial District,,Kris D. CRAWFORD,REP,5722
2022,Daviess,CONSTABLE West Magisterial District,,Scott D. SMITH,DEM,4136
2022,Daviess,CORONER,,Jeff JONES,REP,24154
2022,Daviess,COUNTY ATTORNEY,,John BURLEW,REP,24037
2022,Daviess,COUNTY CLERK,,Leslie A. McCARTY,REP,24361
2022,Daviess,COUNTY COMMISSIONER Central District,,Larry CONDER,REP,22158
2022,Daviess,COUNTY COMMISSIONER Central District,,Tyler SAGARDOY,DEM,9988
2022,Daviess,COUNTY COMMISSIONER Eastern District,,Janie MARKSBERRY,REP,23290
2022,Daviess,COUNTY COMMISSIONER Western District,,Christopher T. CASTLEN,REP,23667
2022,Daviess,COUNTY JUDGE/EXECUTIVE,,Bruce KUNZE,DEM,12533
2022,Daviess,COUNTY JUDGE/EXECUTIVE,,Charlie CASTLEN,REP,20203
2022,Daviess,JAILER,,Arthur F. MAGLINGER,REP,24348
2022,Daviess,JUSTICE of the PEACE Central Magisterial District,,Christopher A. SAALWAECHTER,DEM,5414
2022,Daviess,JUSTICE of the PEACE East Magisterial District,,Anthony W. COBB,REP,8985
2022,Daviess,JUSTICE of the PEACE West Magisterial District,,Charles R. McCARTY,REP,7092
2022,Daviess,MEMBER BOARD of EDUCATION 1st Educational District,,Democratic Party,DEM,425
2022,Daviess,MEMBER BOARD of EDUCATION 1st Educational District,,Republican Party,REP,1090
2022,Daviess,MEMBER BOARD of EDUCATION 2nd Educational District,,Democratic Party,DEM,439
2022,Daviess,MEMBER BOARD of EDUCATION 2nd Educational District,,Kelly WIMAN,W,60
2022,Daviess,MEMBER BOARD of EDUCATION 2nd Educational District,,Republican Party,REP,1282
2022,Daviess,PROPERTY VALUATION ADMINISTRATOR,,Rachel Pence FOSTER,REP,24366
2022,Daviess,SHERIFF,,Brad YOUNGMAN,REP,24389
2022,Daviess,SOIL and WATER CONSERVATION DISTRICT SUPERVISORS,,Democratic Party,DEM,577
2022,Daviess,SOIL and WATER CONSERVATION DISTRICT SUPERVISORS,,Dustin WARREN,W,13
2022,Daviess,SOIL and WATER CONSERVATION DISTRICT SUPERVISORS,,Republican Party,REP,1919
2022,Daviess,STATE REPRESENTATIVE 13th Representative District,13,D.J. JOHNSON,REP,8387
2022,Daviess,STATE REPRESENTATIVE 13th Representative District,13,Michael JOHNSON,DEM,4870
2022,Daviess,STATE REPRESENTATIVE 14th Representative District,14,Scott LEWIS,REP,3408
2022,Daviess,STATE REPRESENTATIVE 7th Representative District,7,Suzanne MILES,REP,11211
2022,Daviess,STATE SENATOR 8th Senatorial District,8,Gary M. BOSWELL,REP,24095
2022,Daviess,UNITED STATES REPRESENTATIVE in CONGRESS 2nd Congressional District,2,Hank LINDERMAN,DEM,10580
2022,Daviess,UNITED STATES REPRESENTATIVE in CONGRESS 2nd Congressional District,2,S. Brett GUTHRIE,REP,22200
2022,Daviess,UNITED STATES SENATOR,,Billy Ray WILSON,W,1
2022,Daviess,UNITED STATES SENATOR,,Charles BOOKER,DEM,11906
2022,Daviess,UNITED STATES SENATOR,,Charles Lee THOMASON,W,1
2022,Daviess,UNITED STATES SENATOR,,Rand PAUL,REP,20998
